insert into chore(name) values ('mosogatas')
insert into chore(name) values ('kutyasetaltatas')
insert into chore(name) values ('porszivizas')
insert into chore(name) values ('ablakpucolas')
insert into chore(name) values ('bevasarlas')
insert into chore(name) values ('vasalas')

insert into user(name,email,password,role) values('anya','anya@anya.com','$2a$10$c/.qCnqvl7plMmDpIkn.tuT9BaNvEwdifDvK0naj.unS3FNL0d5.a','ADMIN')
insert into user(name,email,password,role) values('apa','apa@apa.com','$2a$10$c/.qCnqvl7plMmDpIkn.tuT9BaNvEwdifDvK0naj.unS3FNL0d5.a','USER')
insert into user(name,email,password,role) values('bori','bori@bori.com','$2a$10$c/.qCnqvl7plMmDpIkn.tuT9BaNvEwdifDvK0naj.unS3FNL0d5.a','USER')
insert into user(name,email,password,role) values('pisti','pisti@pisti.com','$2a$10$c/.qCnqvl7plMmDpIkn.tuT9BaNvEwdifDvK0naj.unS3FNL0d5.a','USER')

insert into my_group(id) values(1)
insert into my_group(id) values(2)
insert into my_group(id) values(3)

insert into to_do(id,user_id,chores,from_date,to_date,group_id,ready)values(1,'anya@anya.com','mosogatas',CURRENT_TIMESTAMP(),CURRENT_TIMESTAMP(),1,FALSE)
insert into to_do(id,user_id,chores,from_date,to_date,group_id,ready)values(2,'apa@apa.com','porszivozás',CURRENT_TIMESTAMP(),CURRENT_TIMESTAMP(),1,FALSE)
insert into to_do(id,user_id,chores,from_date,to_date,group_id,ready)values(3,'bori@bori.com','vasalas',CURRENT_TIMESTAMP(),CURRENT_TIMESTAMP(),1,FALSE)
insert into to_do(id,user_id,chores,from_date,to_date,group_id,ready)values(4,'pisti@pisti.com','ablakpucolas',CURRENT_TIMESTAMP(),CURRENT_TIMESTAMP(),2,TRUE)
insert into to_do(id,user_id,chores,from_date,to_date,group_id,ready)values(5,'pisti@pisti.com','bevasarlas',CURRENT_TIMESTAMP(),CURRENT_TIMESTAMP(),2,FALSE)
insert into to_do(id,user_id,chores,from_date,to_date,group_id,ready)values(6,'bori@bori.com','kutyasetaltatas',CURRENT_TIMESTAMP(),CURRENT_TIMESTAMP(),2,FALSE)

insert into user_groups(users_email,groups_id)values('anya@anya.com',1)
insert into user_groups(users_email,groups_id)values('apa@apa.com',1)
insert into user_groups(users_email,groups_id)values('bori@bori.com',1)
insert into user_groups(users_email,groups_id)values('bori@bori.com',2)
insert into user_groups(users_email,groups_id)values('pisti@pisti.com',1)
insert into user_groups(users_email,groups_id)values('pisti@pisti.com',2)